{"reference": "J14", "proportionalOutlinePath": [[0.1075, 0.53], [0.10583333333333333, 0.5325], [0.10333333333333333, 0.5325], [0.1025, 0.535], [0.09916666666666667, 0.5375], [0.09833333333333333, 0.5391666666666667], [0.09833333333333333, 0.5408333333333334], [0.095, 0.5466666666666666], [0.095, 0.5483333333333333], [0.09166666666666666, 0.5541666666666667], [0.0925, 0.5608333333333333], [0.095, 0.5625], [0.09666666666666666, 0.5625], [0.1, 0.5641666666666667], [0.10166666666666667, 0.5658333333333333], [0.10333333333333333, 0.5658333333333333], [0.10583333333333333, 0.5675], [0.10833333333333334, 0.5683333333333334], [0.11, 0.5683333333333334], [0.1125, 0.57], [0.115, 0.5708333333333333], [0.1175, 0.5716666666666667], [0.11916666666666667, 0.5716666666666667], [0.12166666666666667, 0.5733333333333334], [0.12416666666666666, 0.5741666666666667], [0.12583333333333332, 0.5741666666666667], [0.12833333333333333, 0.5758333333333333], [0.13166666666666665, 0.5766666666666667], [0.13833333333333334, 0.5766666666666667], [0.13916666666666666, 0.5741666666666667], [0.14083333333333334, 0.5708333333333333], [0.14083333333333334, 0.5691666666666667], [0.14333333333333334, 0.5675], [0.14416666666666667, 0.5658333333333333], [0.145, 0.5641666666666667], [0.145, 0.5625], [0.1475, 0.5583333333333333], [0.1475, 0.5566666666666666], [0.15083333333333335, 0.5508333333333333], [0.15083333333333335, 0.545], [0.14916666666666667, 0.5441666666666667], [0.14666666666666667, 0.5433333333333333], [0.14583333333333334, 0.5383333333333333], [0.14083333333333334, 0.5383333333333333], [0.14, 0.5366666666666666], [0.13416666666666666, 0.5358333333333334], [0.13416666666666666, 0.5341666666666667], [0.12916666666666668, 0.5341666666666667], [0.12833333333333333, 0.5325], [0.1225, 0.5333333333333333], [0.12083333333333333, 0.5333333333333333], [0.11833333333333333, 0.5325], [0.11583333333333333, 0.5308333333333334], [0.11333333333333333, 0.53]], "additionalOutlinePaths": [[[0.8716666666666667, 0.5916666666666667], [0.8716666666666667, 0.595], [0.8741666666666666, 0.595], [0.8758333333333334, 0.5966666666666667], [0.8808333333333334, 0.5966666666666667], [0.88, 0.5925], [0.8758333333333334, 0.5916666666666667]], [[0.9166666666666666, 0.4775], [0.9166666666666666, 0.4816666666666667], [0.9191666666666667, 0.4816666666666667], [0.925, 0.4825], [0.9241666666666667, 0.4775]], [[0.9575, 0.3883333333333333], [0.9575, 0.39], [0.9566666666666667, 0.3925], [0.955, 0.395], [0.9541666666666667, 0.3975], [0.9541666666666667, 0.40166666666666667], [0.9591666666666666, 0.40166666666666667], [0.96, 0.4], [0.96, 0.3975], [0.9625, 0.3933333333333333], [0.9625, 0.3883333333333333]]], "componentId": "jst-automotive-connectors-sm04b-srss-tb-lf-sn"}