{"reference": "U22", "proportionalOutlinePath": [[0.735, 0.4225], [0.7341666666666666, 0.425], [0.7333333333333333, 0.4266666666666667], [0.7333333333333333, 0.42833333333333334], [0.73, 0.43416666666666665], [0.73, 0.43666666666666665], [0.7283333333333334, 0.43833333333333335], [0.7283333333333334, 0.44], [0.7275, 0.4425], [0.725, 0.44666666666666666], [0.725, 0.4483333333333333], [0.7233333333333334, 0.4508333333333333], [0.7233333333333334, 0.4525], [0.7208333333333333, 0.45666666666666667], [0.7216666666666667, 0.46416666666666667], [0.7233333333333334, 0.465], [0.7258333333333333, 0.465], [0.7283333333333334, 0.4666666666666667], [0.7308333333333333, 0.4675], [0.7341666666666666, 0.4683333333333333], [0.7366666666666667, 0.4683333333333333], [0.7391666666666666, 0.4691666666666667], [0.7425, 0.4708333333333333], [0.745, 0.4716666666666667], [0.7475, 0.4716666666666667], [0.75, 0.47333333333333333], [0.7533333333333333, 0.47333333333333333], [0.7558333333333334, 0.475], [0.7625, 0.4741666666666667], [0.7625, 0.4716666666666667], [0.7641666666666667, 0.47], [0.7641666666666667, 0.4683333333333333], [0.765, 0.4658333333333333], [0.7666666666666667, 0.46416666666666667], [0.7666666666666667, 0.4625], [0.7683333333333333, 0.46], [0.7683333333333333, 0.4583333333333333], [0.7691666666666667, 0.4558333333333333], [0.7716666666666666, 0.45166666666666666], [0.7716666666666666, 0.45], [0.7741666666666667, 0.44583333333333336], [0.775, 0.44333333333333336], [0.775, 0.44166666666666665], [0.7766666666666666, 0.43916666666666665], [0.7766666666666666, 0.43416666666666665], [0.7741666666666667, 0.4325], [0.7725, 0.4325], [0.77, 0.43083333333333335], [0.7666666666666667, 0.43], [0.7633333333333333, 0.42916666666666664], [0.7608333333333334, 0.42916666666666664], [0.7583333333333333, 0.42833333333333334], [0.7558333333333334, 0.4266666666666667], [0.7525, 0.42583333333333334], [0.7491666666666666, 0.425], [0.7466666666666667, 0.4241666666666667], [0.7441666666666666, 0.4241666666666667], [0.7416666666666667, 0.4225]], "additionalOutlinePaths": [[[0.8716666666666667, 0.5916666666666667], [0.8716666666666667, 0.595], [0.8741666666666666, 0.595], [0.8758333333333334, 0.5966666666666667], [0.8808333333333334, 0.5966666666666667], [0.88, 0.5925], [0.8758333333333334, 0.5916666666666667]], [[0.9166666666666666, 0.4775], [0.9166666666666666, 0.4816666666666667], [0.9191666666666667, 0.4816666666666667], [0.925, 0.4825], [0.9241666666666667, 0.4775]], [[0.9575, 0.3883333333333333], [0.9575, 0.39], [0.9566666666666667, 0.3925], [0.955, 0.395], [0.9541666666666667, 0.3975], [0.9541666666666667, 0.40166666666666667], [0.9591666666666666, 0.40166666666666667], [0.96, 0.4], [0.96, 0.3975], [0.9625, 0.3933333333333333], [0.9625, 0.3883333333333333]]], "componentId": "texas-instruments-tps2372-3rgwr"}