{"reference": "U36", "proportionalOutlinePath": [[0.4666666666666667, 0.36333333333333334], [0.4658333333333333, 0.365], [0.4633333333333333, 0.37], [0.4633333333333333, 0.37166666666666665], [0.46166666666666667, 0.37416666666666665], [0.46166666666666667, 0.37583333333333335], [0.45916666666666667, 0.38], [0.45916666666666667, 0.38166666666666665], [0.4575, 0.38416666666666666], [0.4575, 0.3858333333333333], [0.455, 0.39], [0.455, 0.39166666666666666], [0.4525, 0.3958333333333333], [0.4525, 0.3975], [0.44916666666666666, 0.4033333333333333], [0.44916666666666666, 0.405], [0.4475, 0.4075], [0.4475, 0.4091666666666667], [0.44583333333333336, 0.4116666666666667], [0.44583333333333336, 0.41333333333333333], [0.44333333333333336, 0.4175], [0.44333333333333336, 0.4191666666666667], [0.44, 0.425], [0.44083333333333335, 0.43083333333333335], [0.4425, 0.43166666666666664], [0.44416666666666665, 0.43166666666666664], [0.44666666666666666, 0.4325], [0.45, 0.43416666666666665], [0.4525, 0.435], [0.455, 0.43583333333333335], [0.4575, 0.43666666666666665], [0.4608333333333333, 0.4375], [0.4633333333333333, 0.43833333333333335], [0.4683333333333333, 0.4375], [0.4691666666666667, 0.43583333333333335], [0.4691666666666667, 0.43416666666666665], [0.4725, 0.42833333333333334], [0.4725, 0.4266666666666667], [0.475, 0.4225], [0.475, 0.42083333333333334], [0.4766666666666667, 0.41833333333333333], [0.4766666666666667, 0.4166666666666667], [0.47833333333333333, 0.4141666666666667], [0.47833333333333333, 0.4125], [0.48083333333333333, 0.4083333333333333], [0.48083333333333333, 0.4066666666666667], [0.4841666666666667, 0.4008333333333333], [0.4841666666666667, 0.39916666666666667], [0.48583333333333334, 0.39666666666666667], [0.48583333333333334, 0.395], [0.48833333333333334, 0.3908333333333333], [0.48833333333333334, 0.38916666666666666], [0.49, 0.38666666666666666], [0.49, 0.385], [0.49166666666666664, 0.38333333333333336], [0.49166666666666664, 0.38166666666666665], [0.49333333333333335, 0.37916666666666665], [0.49416666666666664, 0.37666666666666665], [0.49416666666666664, 0.37166666666666665], [0.4925, 0.37], [0.49083333333333334, 0.36916666666666664], [0.48833333333333334, 0.36916666666666664], [0.485, 0.36833333333333335], [0.4825, 0.3675], [0.4791666666666667, 0.36583333333333334], [0.4766666666666667, 0.365], [0.4741666666666667, 0.3641666666666667], [0.4708333333333333, 0.36333333333333334]], "additionalOutlinePaths": [[[0.8716666666666667, 0.5916666666666667], [0.8716666666666667, 0.595], [0.8741666666666666, 0.595], [0.8758333333333334, 0.5966666666666667], [0.8808333333333334, 0.5966666666666667], [0.88, 0.5925], [0.8758333333333334, 0.5916666666666667]], [[0.9166666666666666, 0.4775], [0.9166666666666666, 0.4816666666666667], [0.9191666666666667, 0.4816666666666667], [0.925, 0.4825], [0.9241666666666667, 0.4775]], [[0.9575, 0.3883333333333333], [0.9575, 0.39], [0.9566666666666667, 0.3925], [0.955, 0.395], [0.9541666666666667, 0.3975], [0.9541666666666667, 0.40166666666666667], [0.9591666666666666, 0.40166666666666667], [0.96, 0.4], [0.96, 0.3975], [0.9625, 0.3933333333333333], [0.9625, 0.3883333333333333]]], "componentId": "texas-instruments-ts3dv642ruarq1"}