{"reference": "J11", "proportionalOutlinePath": [[0.925, 0.33916666666666667], [0.9241666666666667, 0.34], [0.9225, 0.3408333333333333], [0.9208333333333333, 0.3408333333333333], [0.9191666666666667, 0.3416666666666667], [0.9083333333333333, 0.3525], [0.9083333333333333, 0.36583333333333334], [0.9083333333333333, 0.6216666666666667], [0.9083333333333333, 0.6466666666666666], [0.91, 0.6466666666666666], [0.9133333333333333, 0.6483333333333333], [0.9608333333333333, 0.6483333333333333], [0.9608333333333333, 0.33916666666666667]], "additionalOutlinePaths": [[[0.17166666666666666, 0.49166666666666664], [0.17, 0.49333333333333335], [0.17, 0.4975], [0.17833333333333334, 0.4975], [0.18, 0.49916666666666665], [0.18, 0.5008333333333334], [0.17833333333333334, 0.5025], [0.17666666666666667, 0.5033333333333333], [0.175, 0.5033333333333333], [0.17, 0.5025], [0.17, 0.5058333333333334], [0.17083333333333334, 0.5075], [0.17333333333333334, 0.5091666666666667], [0.18416666666666667, 0.5091666666666667], [0.18583333333333332, 0.5083333333333333], [0.18833333333333332, 0.5058333333333334], [0.18833333333333332, 0.495], [0.1875, 0.49333333333333335], [0.18583333333333332, 0.49166666666666664]], [[0.11333333333333333, 0.49166666666666664], [0.1125, 0.4925], [0.11166666666666666, 0.4925], [0.11, 0.49666666666666665], [0.10083333333333333, 0.49666666666666665], [0.09, 0.49583333333333335], [0.09, 0.515], [0.09333333333333334, 0.515], [0.09333333333333334, 0.5008333333333334], [0.095, 0.49916666666666665], [0.1025, 0.5], [0.1025, 0.515], [0.11, 0.515], [0.11083333333333334, 0.5083333333333333], [0.1125, 0.5083333333333333], [0.12083333333333333, 0.5091666666666667], [0.12083333333333333, 0.5058333333333334], [0.11833333333333333, 0.5033333333333333], [0.11, 0.5025], [0.11083333333333334, 0.4975], [0.12, 0.4975], [0.12083333333333333, 0.49583333333333335], [0.12083333333333333, 0.49166666666666664]], [[0.1025, 0.4716666666666667], [0.09916666666666667, 0.4725], [0.09666666666666666, 0.4741666666666667], [0.095, 0.4741666666666667], [0.0925, 0.47583333333333333], [0.09083333333333334, 0.47583333333333333], [0.08833333333333333, 0.4775], [0.08666666666666667, 0.4775], [0.08416666666666667, 0.4791666666666667], [0.0825, 0.4791666666666667], [0.08, 0.48], [0.0775, 0.4816666666666667], [0.07583333333333334, 0.4816666666666667], [0.07333333333333333, 0.48333333333333334], [0.07083333333333333, 0.4841666666666667], [0.07083333333333333, 0.4875], [0.07666666666666666, 0.4875], [0.07916666666666666, 0.4866666666666667], [0.08166666666666667, 0.485], [0.08333333333333333, 0.485], [0.08583333333333333, 0.48333333333333334], [0.0875, 0.48333333333333334], [0.09, 0.4816666666666667], [0.09166666666666666, 0.4816666666666667], [0.09416666666666666, 0.48], [0.09583333333333334, 0.48], [0.09833333333333333, 0.47833333333333333], [0.1, 0.47833333333333333], [0.10416666666666667, 0.47583333333333333], [0.10583333333333333, 0.47583333333333333], [0.1075, 0.475], [0.1075, 0.4716666666666667]], [[0.135, 0.4633333333333333], [0.13416666666666666, 0.4691666666666667], [0.12416666666666666, 0.4691666666666667], [0.12416666666666666, 0.48333333333333334], [0.1375, 0.48333333333333334], [0.13833333333333334, 0.4708333333333333], [0.14833333333333334, 0.4708333333333333], [0.14833333333333334, 0.4658333333333333], [0.1475, 0.4633333333333333]], [[0.16916666666666666, 0.41583333333333333], [0.16833333333333333, 0.4241666666666667], [0.16583333333333333, 0.4241666666666667], [0.16583333333333333, 0.42833333333333334], [0.17416666666666666, 0.42916666666666664], [0.17416666666666666, 0.43333333333333335], [0.19416666666666665, 0.43333333333333335], [0.19416666666666665, 0.4275], [0.18833333333333332, 0.4266666666666667], [0.18833333333333332, 0.41583333333333333]], [[0.12, 0.3825], [0.12, 0.39166666666666666], [0.12583333333333332, 0.3925], [0.12583333333333332, 0.3975], [0.12416666666666666, 0.39916666666666667], [0.12, 0.39916666666666667], [0.11833333333333333, 0.4008333333333333], [0.11666666666666667, 0.4033333333333333], [0.11416666666666667, 0.4033333333333333], [0.11166666666666666, 0.4008333333333333], [0.11083333333333334, 0.39916666666666667], [0.11083333333333334, 0.39416666666666667], [0.1025, 0.39416666666666667], [0.1025, 0.4008333333333333], [0.10083333333333333, 0.4025], [0.09833333333333333, 0.4025], [0.09833333333333333, 0.4066666666666667], [0.1, 0.41], [0.10166666666666667, 0.4116666666666667], [0.10333333333333333, 0.4116666666666667], [0.10416666666666667, 0.41333333333333333], [0.10583333333333333, 0.41333333333333333], [0.11166666666666666, 0.4141666666666667], [0.11333333333333333, 0.41583333333333333], [0.11333333333333333, 0.42], [0.13333333333333333, 0.42], [0.13416666666666666, 0.41083333333333333], [0.13833333333333334, 0.4116666666666667], [0.1375, 0.42333333333333334], [0.12583333333333332, 0.42333333333333334], [0.12583333333333332, 0.43333333333333335], [0.13916666666666666, 0.43333333333333335], [0.14, 0.42916666666666664], [0.15166666666666667, 0.42916666666666664], [0.15166666666666667, 0.41083333333333333], [0.14583333333333334, 0.41], [0.14583333333333334, 0.3925], [0.12666666666666668, 0.39166666666666666], [0.12583333333333332, 0.3858333333333333], [0.12333333333333334, 0.38416666666666666], [0.12333333333333334, 0.3825]], [[0.020833333333333332, 0.37083333333333335], [0.021666666666666667, 0.375], [0.021666666666666667, 0.3775], [0.020833333333333332, 0.4066666666666667], [0.021666666666666667, 0.4083333333333333], [0.02666666666666667, 0.4083333333333333], [0.025833333333333333, 0.37083333333333335]], [[0.0675, 0.36916666666666664], [0.06666666666666667, 0.3775], [0.0625, 0.3775], [0.0625, 0.39], [0.065, 0.39], [0.0725, 0.3908333333333333], [0.07333333333333333, 0.385], [0.09416666666666666, 0.385], [0.09333333333333334, 0.37166666666666665], [0.085, 0.37166666666666665], [0.08333333333333333, 0.3725], [0.08166666666666667, 0.375], [0.08, 0.375], [0.0775, 0.37166666666666665], [0.07416666666666667, 0.37166666666666665], [0.07333333333333333, 0.3775], [0.07083333333333333, 0.37666666666666665], [0.07083333333333333, 0.36916666666666664]], [[0.09583333333333334, 0.3516666666666667], [0.09333333333333334, 0.3525], [0.09083333333333334, 0.3541666666666667], [0.08916666666666667, 0.3541666666666667], [0.08666666666666667, 0.355], [0.08083333333333333, 0.35833333333333334], [0.07833333333333334, 0.35833333333333334], [0.07583333333333334, 0.36], [0.07416666666666667, 0.36], [0.07166666666666667, 0.3616666666666667], [0.06916666666666667, 0.3625], [0.06916666666666667, 0.36583333333333334], [0.07666666666666666, 0.36583333333333334], [0.07916666666666666, 0.3641666666666667], [0.08083333333333333, 0.3641666666666667], [0.08333333333333333, 0.36333333333333334], [0.085, 0.3616666666666667], [0.08666666666666667, 0.36083333333333334], [0.09, 0.36], [0.09166666666666666, 0.36], [0.09416666666666666, 0.35833333333333334], [0.09583333333333334, 0.35833333333333334], [0.09833333333333333, 0.3566666666666667], [0.10083333333333333, 0.35583333333333333], [0.10416666666666667, 0.3566666666666667], [0.10416666666666667, 0.36833333333333335], [0.12333333333333334, 0.36833333333333335], [0.12333333333333334, 0.355], [0.10333333333333333, 0.3541666666666667], [0.10333333333333333, 0.3516666666666667]], [[0.1875, 0.345], [0.1875, 0.35833333333333334], [0.19916666666666666, 0.35833333333333334], [0.20083333333333334, 0.36], [0.20083333333333334, 0.3641666666666667], [0.20083333333333334, 0.37166666666666665], [0.20083333333333334, 0.37333333333333335], [0.2, 0.3875], [0.20083333333333334, 0.39166666666666666], [0.2075, 0.39166666666666666], [0.2075, 0.345]], [[0.14416666666666667, 0.2675], [0.14416666666666667, 0.27166666666666667], [0.1475, 0.2725], [0.14916666666666667, 0.275], [0.14833333333333334, 0.2783333333333333], [0.14666666666666667, 0.2783333333333333], [0.14416666666666667, 0.2758333333333333], [0.14, 0.2758333333333333], [0.14, 0.2816666666666667], 