{"reference": "J12", "proportionalOutlinePath": [[0.20583333333333334, 0.6508333333333334], [0.20583333333333334, 0.6541666666666667], [0.20416666666666666, 0.6558333333333334], [0.20416666666666666, 0.66], [0.2025, 0.6616666666666666], [0.17833333333333334, 0.6625], [0.17833333333333334, 0.7175], [0.185, 0.7308333333333333], [0.18916666666666668, 0.7316666666666667], [0.19083333333333333, 0.7333333333333333], [0.19083333333333333, 0.7458333333333333], [0.23583333333333334, 0.7458333333333333], [0.23583333333333334, 0.7391666666666666], [0.23666666666666666, 0.7333333333333333], [0.23833333333333334, 0.7316666666666667], [0.24083333333333334, 0.7316666666666667], [0.245, 0.7283333333333334], [0.245, 0.7241666666666666], [0.25, 0.715], [0.25, 0.6616666666666666], [0.23166666666666666, 0.6616666666666666], [0.23, 0.66], [0.23, 0.6508333333333334], [0.22583333333333333, 0.6508333333333334], [0.22583333333333333, 0.6541666666666667], [0.22416666666666665, 0.6558333333333334], [0.22416666666666665, 0.66], [0.2225, 0.6616666666666666], [0.21166666666666667, 0.6616666666666666], [0.21, 0.66], [0.21, 0.6508333333333334]], "additionalOutlinePaths": [[[0.10416666666666667, 0.49833333333333335], [0.10416666666666667, 0.5133333333333333], [0.10833333333333334, 0.5133333333333333], [0.10833333333333334, 0.49833333333333335]], [[0.17333333333333334, 0.49333333333333335], [0.17166666666666666, 0.49583333333333335], [0.18, 0.49583333333333335], [0.18166666666666667, 0.4975], [0.18166666666666667, 0.5025], [0.18, 0.5041666666666667], [0.17833333333333334, 0.505], [0.17333333333333334, 0.505], [0.17166666666666666, 0.5041666666666667], [0.1725, 0.5058333333333334], [0.175, 0.5075], [0.1825, 0.5075], [0.18416666666666667, 0.5066666666666667], [0.18666666666666668, 0.5041666666666667], [0.18666666666666668, 0.49666666666666665], [0.18583333333333332, 0.495], [0.18416666666666667, 0.49333333333333335]], [[0.12583333333333332, 0.4708333333333333], [0.12583333333333332, 0.4816666666666667], [0.13583333333333333, 0.4816666666666667], [0.13583333333333333, 0.4708333333333333]], [[0.1275, 0.425], [0.1275, 0.43166666666666664], [0.1375, 0.43166666666666664], [0.1375, 0.425]], [[0.17083333333333334, 0.4175], [0.17083333333333334, 0.4266666666666667], [0.18666666666666668, 0.4266666666666667], [0.18666666666666668, 0.4175]], [[0.14, 0.4125], [0.14, 0.4275], [0.15, 0.4275], [0.15, 0.4125]], [[0.13333333333333333, 0.39416666666666667], [0.13333333333333333, 0.3983333333333333], [0.13416666666666666, 0.4041666666666667], [0.13333333333333333, 0.4075], [0.13166666666666665, 0.4091666666666667], [0.12583333333333332, 0.4083333333333333], [0.12583333333333332, 0.4058333333333333], [0.1275, 0.4041666666666667], [0.1275, 0.39666666666666667], [0.1275, 0.39916666666666667], [0.12583333333333332, 0.4008333333333333], [0.12166666666666667, 0.4008333333333333], [0.12, 0.4025], [0.11833333333333333, 0.405], [0.11583333333333333, 0.4066666666666667], [0.11416666666666667, 0.4066666666666667], [0.11, 0.4025], [0.10916666666666666, 0.4008333333333333], [0.10916666666666666, 0.3958333333333333], [0.10416666666666667, 0.3958333333333333], [0.10416666666666667, 0.4025], [0.1025, 0.4041666666666667], [0.1, 0.4041666666666667], [0.10083333333333333, 0.4058333333333333], [0.10166666666666667, 0.4083333333333333], [0.10333333333333333, 0.41], [0.105, 0.41], [0.10583333333333333, 0.4116666666666667], [0.1075, 0.4116666666666667], [0.11333333333333333, 0.4125], [0.115, 0.4141666666666667], [0.115, 0.41833333333333333], [0.13166666666666665, 0.41833333333333333], [0.1325, 0.4091666666666667], [0.14416666666666667, 0.4091666666666667], [0.14416666666666667, 0.39416666666666667]], [[0.06416666666666666, 0.37916666666666665], [0.06416666666666666, 0.3883333333333333], [0.06666666666666667, 0.3883333333333333], [0.07083333333333333, 0.38916666666666666], [0.07, 0.37916666666666665]], [[0.07583333333333334, 0.37333333333333335], [0.07583333333333334, 0.38333333333333336], [0.0925, 0.38333333333333336], [0.09166666666666666, 0.37333333333333335], [0.08666666666666667, 0.37333333333333335], [0.085, 0.37416666666666665], [0.08333333333333333, 0.37666666666666665], [0.07833333333333334, 0.37666666666666665]], [[0.10583333333333333, 0.3566666666666667], [0.10583333333333333, 0.36666666666666664], [0.11166666666666666, 0.36583333333333334], [0.12166666666666667, 0.36666666666666664], [0.12166666666666667, 0.3566666666666667]], [[0.19916666666666666, 0.3466666666666667], [0.19916666666666666, 0.35083333333333333], [0.19833333333333333, 0.3566666666666667], [0.20083333333333334, 0.3566666666666667], [0.2025, 0.35833333333333334], [0.20166666666666666, 0.36666666666666664], [0.20166666666666666, 0.36916666666666664], [0.20166666666666666, 0.37583333333333335], [0.20166666666666666, 0.3775], [0.2025, 0.38083333333333336], [0.20166666666666666, 0.3858333333333333], [0.2025, 0.39], [0.20583333333333334, 0.39], [0.20583333333333334, 0.3466666666666667]], [[0.1525, 0.2925], [0.1525, 0.2975], [0.155, 0.2991666666666667], [0.155, 0.31666666666666665], [0.15333333333333332, 0.31833333333333336], [0.15, 0.31916666666666665], [0.14666666666666667, 0.31916666666666665], [0.1475, 0.3258333333333333], [0.16916666666666666, 0.3258333333333333], [0.16916666666666666, 0.31833333333333336], [0.17, 0.31583333333333335], [0.17166666666666666, 0.31416666666666665], [0.17583333333333334, 0.31416666666666665], [0.1775, 0.31666666666666665], [0.17916666666666667, 0.31416666666666665], [0.18416666666666667, 0.31416666666666665], [0.18583333333333332, 0.31583333333333335], [0.18583333333333332, 0.3258333333333333], [0.2025, 0.3258333333333333], [0.2025, 0.32083333333333336], [0.19166666666666668, 0.32083333333333336], [0.19, 0.31916666666666665], [0.19, 0.31416666666666665], [0.19166666666666668, 0.3125], [0.19166666666666668, 0.30583333333333335], [0.18416666666666667, 0.30583333333333335], [0.1825, 0.3016666666666667], [0.1825, 0.3], [0.1825, 0.2966666666666667], [0.18083333333333335, 0.295], [0.1825, 0.2925], [0.17916666666666667, 0.2925], [0.17916666666666667, 0.2991666666666667], [0.1775, 0.30083333333333334], [0.1725, 0.30083333333333334], [0.17083333333333334, 0.2991666666666667], [0.17083333333333334, 0.2975], [0.17083333333333334, 0.2991666666666667], [0.16916666666666666, 0.30083333333333334], [0.16416666666666666, 0.30083333333333334], [0.1625, 0.2991666666666667], [0.1625, 0.2925]], [[0.14166666666666666, 0.2775], [0.14166666666666666, 0.28], [0.14333333333333334, 0.2825], [0.14583333333333334, 0.2833333333333333], [0.14666666666666667, 0.285], [0.14833333333333334, 0.285], [0.1525, 0.28583333333333333], [0.155, 0.285], [0.15666666666666668, 0.2833333333333333], [0.15666666666666668, 0.2816666666666667], [0.15416666666666667, 0.2808333333333333], [0.15, 0.28], [0.14833333333333334, 0.2825], [0.1475, 0.2808333333333333], [0.14416666666666667, 0.2808333333333333], [0.14416666666666667, 0.2791666666666667]], [[0.17666666666666667, 0.2675], [0.17833333333333334, 0.2683333333333333], [0.18, 0.2683333333333333], [0.18166666666666667, 0.26916666666666667], [0.1825, 0.27166666666666667], [0.185, 0.2733333333333333], [0.18583333333333332, 0.275], [0.18583333333333332, 0.27666666666666667], [0.185, 0.2791666666666667], [0.1825, 0.2816666666666667], [0.17916666666666667, 0.2833333333333333], [0.1775, 0.285], [0.17583333333333334, 0.2825], [0.17333333333333334, 0.2808333333333333], [0.17, 0.2783333333333333], [0.17, 0.2808333333333333], [0.17083333333333334, 0.2825], [0.17416666666666666, 0.28583333333333333], [0.17583333333333334, 0.28583333333333333], [0.17833333333333334, 0.2875], [0.18583333333333332, 0.2875], [0.1875, 0.2866666666666667], [0.18916666666666668, 0.2833333333333333], [0.18583333333333332, 0.2808333333333333], [0.185, 0.2683333333333333], [0.18166666666666667, 0.26666666666666666]], [[0.05416666666666667, 0.26666666666666666], [0.055, 0.2683333333333333], [0.0575, 0.26916666666666667], [0.059166666666666666, 0.27], 