{"reference": "J6", "proportionalOutlinePath": [[0.035833333333333335, 0.56], [0.029166666666666667, 0.5608333333333333], [0.023333333333333334, 0.5616666666666666], [0.021666666666666667, 0.5625], [0.021666666666666667, 0.7366666666666667], [0.023333333333333334, 0.7366666666666667], [0.08583333333333333, 0.7366666666666667], [0.11166666666666666, 0.7366666666666667], [0.15083333333333335, 0.7375], [0.1525, 0.7366666666666667], [0.155, 0.735], [0.1575, 0.7333333333333333], [0.16, 0.7316666666666667], [0.1625, 0.73], [0.16416666666666666, 0.7283333333333334], [0.16333333333333333, 0.6616666666666666], [0.16333333333333333, 0.6258333333333334], [0.16583333333333333, 0.6241666666666666], [0.16583333333333333, 0.6141666666666666], [0.16416666666666666, 0.6125], [0.16333333333333333, 0.605], [0.1625, 0.56]], "additionalOutlinePaths": [[[0.13333333333333333, 0.39416666666666667], [0.13333333333333333, 0.3983333333333333], [0.13416666666666666, 0.4041666666666667], [0.13333333333333333, 0.4075], [0.13166666666666665, 0.4091666666666667], [0.12583333333333332, 0.4083333333333333], [0.12583333333333332, 0.4058333333333333], [0.1275, 0.4041666666666667], [0.1275, 0.39666666666666667], [0.1275, 0.39916666666666667], [0.12583333333333332, 0.4008333333333333], [0.12166666666666667, 0.4008333333333333], [0.12, 0.4025], [0.11833333333333333, 0.405], [0.11583333333333333, 0.4066666666666667], [0.11416666666666667, 0.4066666666666667], [0.11, 0.4025], [0.10916666666666666, 0.4008333333333333], [0.10916666666666666, 0.3958333333333333], [0.10416666666666667, 0.3958333333333333], [0.10416666666666667, 0.4025], [0.1025, 0.4041666666666667], [0.1, 0.4041666666666667], [0.10083333333333333, 0.4058333333333333], [0.10166666666666667, 0.4083333333333333], [0.10333333333333333, 0.41], [0.105, 0.41], [0.10583333333333333, 0.4116666666666667], [0.1075, 0.4116666666666667], [0.11333333333333333, 0.4125], [0.115, 0.4141666666666667], [0.115, 0.41833333333333333], [0.13166666666666665, 0.41833333333333333], [0.1325, 0.4091666666666667], [0.14416666666666667, 0.4091666666666667], [0.14416666666666667, 0.39416666666666667]], [[0.1525, 0.2925], [0.1525, 0.2975], [0.155, 0.2991666666666667], [0.155, 0.31666666666666665], [0.15333333333333332, 0.31833333333333336], [0.15, 0.31916666666666665], [0.14666666666666667, 0.31916666666666665], [0.1475, 0.3258333333333333], [0.16916666666666666, 0.3258333333333333], [0.16916666666666666, 0.31833333333333336], [0.17, 0.31583333333333335], [0.17166666666666666, 0.31416666666666665], [0.17583333333333334, 0.31416666666666665], [0.1775, 0.31666666666666665], [0.17916666666666667, 0.31416666666666665], [0.18416666666666667, 0.31416666666666665], [0.18583333333333332, 0.31583333333333335], [0.18583333333333332, 0.3258333333333333], [0.2025, 0.3258333333333333], [0.2025, 0.32083333333333336], [0.19166666666666668, 0.32083333333333336], [0.19, 0.31916666666666665], [0.19, 0.31416666666666665], [0.19166666666666668, 0.3125], [0.19166666666666668, 0.30583333333333335], [0.18416666666666667, 0.30583333333333335], [0.1825, 0.3016666666666667], [0.1825, 0.3], [0.1825, 0.2966666666666667], [0.18083333333333335, 0.295], [0.1825, 0.2925], [0.17916666666666667, 0.2925], [0.17916666666666667, 0.2991666666666667], [0.1775, 0.30083333333333334], [0.1725, 0.30083333333333334], [0.17083333333333334, 0.2991666666666667], [0.17083333333333334, 0.2975], [0.17083333333333334, 0.2991666666666667], [0.16916666666666666, 0.30083333333333334], [0.16416666666666666, 0.30083333333333334], [0.1625, 0.2991666666666667], [0.1625, 0.2925]]], "componentId": "te-connectivity-5-2337992-8"}