{"reference": "U21", "proportionalOutlinePath": [[0.1525, 0.2925], [0.1525, 0.2975], [0.155, 0.2991666666666667], [0.155, 0.31666666666666665], [0.15333333333333332, 0.31833333333333336], [0.15, 0.31916666666666665], [0.14666666666666667, 0.31916666666666665], [0.1475, 0.3258333333333333], [0.16916666666666666, 0.3258333333333333], [0.16916666666666666, 0.31833333333333336], [0.17, 0.31583333333333335], [0.17166666666666666, 0.31416666666666665], [0.17583333333333334, 0.31416666666666665], [0.1775, 0.31666666666666665], [0.17916666666666667, 0.31416666666666665], [0.18416666666666667, 0.31416666666666665], [0.18583333333333332, 0.31583333333333335], [0.18583333333333332, 0.3258333333333333], [0.2025, 0.3258333333333333], [0.2025, 0.32083333333333336], [0.19166666666666668, 0.32083333333333336], [0.19, 0.31916666666666665], [0.19, 0.31416666666666665], [0.19166666666666668, 0.3125], [0.19166666666666668, 0.30583333333333335], [0.18416666666666667, 0.30583333333333335], [0.1825, 0.3016666666666667], [0.1825, 0.3], [0.1825, 0.2966666666666667], [0.18083333333333335, 0.295], [0.1825, 0.2925], [0.17916666666666667, 0.2925], [0.17916666666666667, 0.2991666666666667], [0.1775, 0.30083333333333334], [0.1725, 0.30083333333333334], [0.17083333333333334, 0.2991666666666667], [0.17083333333333334, 0.2975], [0.17083333333333334, 0.2991666666666667], [0.16916666666666666, 0.30083333333333334], [0.16416666666666666, 0.30083333333333334], [0.1625, 0.2991666666666667], [0.1625, 0.2925]], "additionalOutlinePaths": [[[0.6825, 0.6283333333333333], [0.6825, 0.6358333333333334], [0.7016666666666667, 0.6358333333333334], [0.7008333333333333, 0.6283333333333333], [0.6975, 0.6291666666666667], [0.6858333333333333, 0.6291666666666667]], [[0.05, 0.505], [0.051666666666666666, 0.505], [0.0525, 0.5066666666666667], [0.056666666666666664, 0.5066666666666667], [0.05583333333333333, 0.505], [0.05416666666666667, 0.5041666666666667]], [[0.10416666666666667, 0.49833333333333335], [0.10416666666666667, 0.5133333333333333], [0.10833333333333334, 0.5133333333333333], [0.10833333333333334, 0.49833333333333335]], [[0.17333333333333334, 0.49333333333333335], [0.17166666666666666, 0.49583333333333335], [0.18, 0.49583333333333335], [0.18166666666666667, 0.4975], [0.18166666666666667, 0.5025], [0.18, 0.5041666666666667], [0.17833333333333334, 0.505], [0.17333333333333334, 0.505], [0.17166666666666666, 0.5041666666666667], [0.1725, 0.5058333333333334], [0.175, 0.5075], [0.1825, 0.5075], [0.18416666666666667, 0.5066666666666667], [0.18666666666666668, 0.5041666666666667], [0.18666666666666668, 0.49666666666666665], [0.18583333333333332, 0.495], [0.18416666666666667, 0.49333333333333335]], [[0.115, 0.49333333333333335], [0.11416666666666667, 0.49416666666666664], [0.11333333333333333, 0.49416666666666664], [0.1125, 0.49583333333333335], [0.11833333333333333, 0.49583333333333335], [0.11916666666666667, 0.49333333333333335]], [[0.05416666666666667, 0.49166666666666664], [0.050833333333333335, 0.49333333333333335], [0.05, 0.495], [0.05416666666666667, 0.495], [0.056666666666666664, 0.49416666666666664], [0.06166666666666667, 0.4925], [0.06, 0.4925]], [[0.10416666666666667, 0.47333333333333333], [0.10083333333333333, 0.4741666666666667], [0.09833333333333333, 0.47583333333333333], [0.09666666666666666, 0.47583333333333333], [0.09416666666666666, 0.4775], [0.0925, 0.4775], [0.09, 0.4791666666666667], [0.08833333333333333, 0.4791666666666667], [0.08583333333333333, 0.48083333333333333], [0.08333333333333333, 0.4816666666666667], [0.08166666666666667, 0.4816666666666667], [0.07916666666666666, 0.48333333333333334], [0.0775, 0.48333333333333334], [0.075, 0.485], [0.0725, 0.48583333333333334], [0.075, 0.48583333333333334], [0.0775, 0.485], [0.08, 0.48333333333333334], [0.08166666666666667, 0.48333333333333334], [0.08416666666666667, 0.4816666666666667], [0.08583333333333333, 0.4816666666666667], [0.08833333333333333, 0.48], [0.09, 0.48], [0.0925, 0.47833333333333333], [0.09416666666666666, 0.47833333333333333], [0.09666666666666666, 0.4766666666666667], [0.09833333333333333, 0.4766666666666667], [0.1025, 0.4741666666666667], [0.10416666666666667, 0.4741666666666667], [0.10583333333333333, 0.47333333333333333]], [[0.12583333333333332, 0.4708333333333333], [0.12583333333333332, 0.4816666666666667], [0.13583333333333333, 0.4816666666666667], [0.13583333333333333, 0.4708333333333333]], [[0.13666666666666666, 0.465], [0.13666666666666666, 0.4691666666666667], [0.14666666666666667, 0.4691666666666667], [0.14666666666666667, 0.4675], [0.14583333333333334, 0.465]], [[0.17583333333333334, 0.42916666666666664], [0.17583333333333334, 0.43166666666666664], [0.1925, 0.43166666666666664], [0.1925, 0.42916666666666664]], [[0.1275, 0.425], [0.1275, 0.43166666666666664], [0.1375, 0.43166666666666664], [0.1375, 0.425]], [[0.17083333333333334, 0.4175], [0.17083333333333334, 0.4266666666666667], [0.18666666666666668, 0.4266666666666667], [0.18666666666666668, 0.4175]], [[0.14, 0.4125], [0.14, 0.4275], [0.15, 0.4275], [0.15, 0.4125]], [[0.13333333333333333, 0.39416666666666667], [0.13333333333333333, 0.3983333333333333], [0.13416666666666666, 0.4041666666666667], [0.13333333333333333, 0.4075], [0.13166666666666665, 0.4091666666666667], [0.12583333333333332, 0.4083333333333333], [0.12583333333333332, 0.4058333333333333], [0.1275, 0.4041666666666667], [0.1275, 0.39666666666666667], [0.1275, 0.39916666666666667], [0.12583333333333332, 0.4008333333333333], [0.12166666666666667, 0.4008333333333333], [0.12, 0.4025], [0.11833333333333333, 0.405], [0.11583333333333333, 0.4066666666666667], [0.11416666666666667, 0.4066666666666667], [0.11, 0.4025], [0.10916666666666666, 0.4008333333333333], [0.10916666666666666, 0.3958333333333333], [0.10416666666666667, 0.3958333333333333], [0.10416666666666667, 0.4025], [0.1025, 0.4041666666666667], [0.1, 0.4041666666666667], [0.10083333333333333, 0.4058333333333333], [0.10166666666666667, 0.4083333333333333], [0.10333333333333333, 0.41], [0.105, 0.41], [0.10583333333333333, 0.4116666666666667], [0.1075, 0.4116666666666667], [0.11333333333333333, 0.4125], [0.115, 0.4141666666666667], [0.115, 0.41833333333333333], [0.13166666666666665, 0.41833333333333333], [0.1325, 0.4091666666666667], [0.14416666666666667, 0.4091666666666667], [0.14416666666666667, 0.39416666666666667]], [[0.023333333333333334, 0.385], [0.0225, 0.3875], [0.024166666666666666, 0.3883333333333333], [0.024166666666666666, 0.3908333333333333], [0.0225, 0.39166666666666666], [0.0225, 0.39416666666666667], [0.024166666666666666, 0.395], [0.0225, 0.39666666666666667], [0.0225, 0.4], [0.023333333333333334, 0.40166666666666667], [0.024166666666666666, 0.4033333333333333], [0.0225, 0.405], [0.025, 0.4041666666666667], [0.024166666666666666, 0.3975], [0.025, 0.3883333333333333], [0.023333333333333334, 0.38666666666666666]], [[0.12166666666666667, 0.38416666666666666], [0.12166666666666667, 0.39], [0.125, 0.39], [0.12416666666666666, 0.3875], [0.12166666666666667, 0.3858333333333333]], [[0.06416666666666666, 0.37916666666666665], [0.06416666666666666, 0.3883333333333333], [0.06666666666666667, 0.3883333333333333], [0.07083333333333333, 0.38916666666666666], [0.07, 0.37916666666666665]], [[0.07583333333333334, 0.37333333333333335], [0.07583333333333334, 0.38333333333333336], [0.0925, 0.38333333333333336], [0.09166666666666666, 0.37333333333333335], [0.08666666666666667, 0.37333333333333335], [0.085, 0.37416666666666665], [0.08333333333333333, 0.37666666666666665], [0.07833333333333334, 0.37666666666666665]], [[0.10583333333333333, 0.3566666666666667], [0.10583333333333333, 0.36666666666666664], [0.11166666666666666, 0.36583333333333334], [0.12166666666666667, 0.36666666666666664], [0.12166666666666667, 0.3566666666666667]], [[0.0975, 0.35333333333333333], [0.095, 0.3541666666666667], [0.0925, 0.35583333333333333], [0.09083333333333334, 0.35583333333333333], [0.08833333333333333, 0.3566666666666667], [0.0825, 0.36], [0.08, 0.36], [0.0775, 